<?xml version="1.0" encoding="UTF-8" ?>
<!DOCTYPE mapper
  PUBLIC "-//mybatis.org//DTD Mapper 3.0//EN"
  "https://mybatis.org/dtd/mybatis-3-mapper.dtd">
<mapper namespace="com.config.DeptMapper">

  <select id="deptAll" resultType="com.dto.DeptDTO">
    select deptno, dname, loc 
    from dept
    order by deptno
  </select>

  <select id="deptAllDesc" resultType="com.dto.DeptDTO">
    select deptno, dname, loc 
    from dept
    order by deptno desc
  </select>
  
  <insert id="write" parameterType="com.dto.DeptDTO">
  	  insert into dept ( deptno, dname, loc)
      values( #{deptno}, #{dname}, #{loc})
  </insert>
  
  <select id="retrieve" resultType="com.dto.DeptDTO" parameterType="int">
    select deptno, dname, loc 
    from dept
    where deptno = #{deptno}
  </select>
   
</mapper>