<?xml version="1.0" encoding="UTF-8"?>
<beans xmlns="http://www.springframework.org/schema/beans"
	xmlns:xsi="http://www.w3.org/2001/XMLSchema-instance"
	xmlns:context="http://www.springframework.org/schema/context"
	xsi:schemaLocation="http://www.springframework.org/schema/beans http://www.springframework.org/schema/beans/spring-beans.xsd
		http://www.springframework.org/schema/context http://www.springframework.org/schema/context/spring-context-4.3.xsd">

    <!-- properties 파일 설정 -->
	<context:property-placeholder location="classpath:com/config/jdbc.properties"/>
	
	<!-- 4가지 정보 이용한 DB연결 -->
	<bean id="dataSource" class="org.apache.commons.dbcp2.BasicDataSource">
		<property name="driverClassName" value="${jdbc.driver}" />
		<property name="url"      value="${jdbc.url}"></property>
		<property name="username" value="${jdbc.username}"></property>
		<property name="password" value="${jdbc.password}"></property>
	</bean>
	
	<!-- SqlSessonFactory역할의 SqlSessionFactoryBean 등록 -->
	<bean id="factory" class="org.mybatis.spring.SqlSessionFactoryBean">
	
	</bean>
</beans>





